-- 1. Sales Team Members
INSERT INTO sales_team_members (id, name, email, phone, designation) VALUES
(1, 'Alice Johnson', 'alice.johnson@example.com', '9000000001', 'Account Manager'),
(2, 'Bob Smith', 'bob.smith@example.com', '9000000002', 'Sales Executive'),
(3, 'Carol Lee', 'carol.lee@example.com', '9000000003', 'BD Manager'),
(4, 'David Kim', 'david.kim@example.com', '9000000004', 'Account Manager'),
(5, 'Eva Brown', 'eva.brown@example.com', '9000000005', 'Sales Executive');

-- 2. Skills
INSERT INTO skills (id, skill_name) VALUES
(1, 'Python'),
(2, 'JavaScript'),
(3, 'SQL'),
(4, 'Java'),
(5, 'Project Management'),
(6, 'UI/UX Design'),
(7, 'DevOps'),
(8, 'Data Analysis'),
(9, 'Cloud Computing'),
(10, 'Mobile Development');

-- 3. Employees
INSERT INTO employees (id, name, designation, department, availability_status) VALUES
(1, 'John Doe', 'Developer', 'Engineering', 'Available'),
(2, 'Jane Smith', 'QA Engineer', 'QA', 'Engaged'),
(3, 'Mike Brown', 'Designer', 'Design', 'Available'),
(4, 'Sara White', 'DevOps Engineer', 'DevOps', 'On Leave'),
(5, 'Tom Black', 'Product Manager', 'Product', 'Available'),
(6, 'Linda Green', 'Developer', 'Engineering', 'Available'),
(7, 'Chris Blue', 'QA Engineer', 'QA', 'Engaged'),
(8, 'Nina Red', 'Designer', 'Design', 'Available'),
(9, 'Oscar Gold', 'DevOps Engineer', 'DevOps', 'Available'),
(10, 'Paula Silver', 'Product Manager', 'Product', 'On Leave'),
(11, 'Quinn Violet', 'Developer', 'Engineering', 'Available'),
(12, 'Rita Orange', 'QA Engineer', 'QA', 'Available'),
(13, 'Sam Indigo', 'Designer', 'Design', 'Engaged'),
(14, 'Tina Pink', 'DevOps Engineer', 'DevOps', 'Available'),
(15, 'Uma Cyan', 'Product Manager', 'Product', 'Available'),
(16, 'Victor Lime', 'Developer', 'Engineering', 'On Leave'),
(17, 'Wendy Teal', 'QA Engineer', 'QA', 'Available'),
(18, 'Xander Plum', 'Designer', 'Design', 'Available'),
(19, 'Yara Peach', 'DevOps Engineer', 'DevOps', 'Available'),
(20, 'Zane Mint', 'Product Manager', 'Product', 'Available');

-- 4. Clients
INSERT INTO clients (id, client_name, industry, domain, website_url, contact_email, sales_person_id) VALUES
(1, 'Acme Corp', 'Retail', 'E-commerce', 'https://acme.com', 'contact@acme.com', 1),
(2, 'Beta Ltd', 'Finance', 'FinTech', 'https://beta.com', 'info@beta.com', 2),
(3, 'Gamma Inc', 'Healthcare', 'HealthTech', 'https://gamma.com', 'hello@gamma.com', 3),
(4, 'Delta LLC', 'Education', 'EdTech', 'https://delta.com', 'support@delta.com', 4),
(5, 'Epsilon PLC', 'Logistics', 'Supply Chain', 'https://epsilon.com', 'team@epsilon.com', 5),
(6, 'Zeta Group', 'Retail', 'E-commerce', 'https://zeta.com', 'contact@zeta.com', 1),
(7, 'Eta Solutions', 'Finance', 'FinTech', 'https://eta.com', 'info@eta.com', 2),
(8, 'Theta Systems', 'Healthcare', 'HealthTech', 'https://theta.com', 'hello@theta.com', 3),
(9, 'Iota Partners', 'Education', 'EdTech', 'https://iota.com', 'support@iota.com', 4),
(10, 'Kappa Ventures', 'Logistics', 'Supply Chain', 'https://kappa.com', 'team@kappa.com', 5),
(11, 'Lambda Holdings', 'Retail', 'E-commerce', 'https://lambda.com', 'contact@lambda.com', 1),
(12, 'Mu Enterprises', 'Finance', 'FinTech', 'https://mu.com', 'info@mu.com', 2),
(13, 'Nu Technologies', 'Healthcare', 'HealthTech', 'https://nu.com', 'hello@nu.com', 3),
(14, 'Xi Innovations', 'Education', 'EdTech', 'https://xi.com', 'support@xi.com', 4),
(15, 'Omicron Labs', 'Logistics', 'Supply Chain', 'https://omicron.com', 'team@omicron.com', 5),
(16, 'Pi Dynamics', 'Retail', 'E-commerce', 'https://pi.com', 'contact@pi.com', 1),
(17, 'Rho Analytics', 'Finance', 'FinTech', 'https://rho.com', 'info@rho.com', 2),
(18, 'Sigma Health', 'Healthcare', 'HealthTech', 'https://sigma.com', 'hello@sigma.com', 3),
(19, 'Tau Academy', 'Education', 'EdTech', 'https://tau.com', 'support@tau.com', 4),
(20, 'Upsilon Freight', 'Logistics', 'Supply Chain', 'https://upsilon.com', 'team@upsilon.com', 5);

-- 5. Client Requirements
INSERT INTO client_requirements (id, client_id, title, description, business_challenges) VALUES
(1, 1, 'E-commerce Platform Upgrade', 'Upgrade the existing e-commerce platform for scalability.', 'Handling high traffic during sales.'),
(2, 2, 'Payment Gateway Integration', 'Integrate new payment gateway for seamless transactions.', 'Ensuring security and compliance.'),
(3, 3, 'Health Data Analytics', 'Develop analytics for patient data.', 'Data privacy and accuracy.'),
(4, 4, 'Online Learning Portal', 'Create a portal for online courses.', 'User engagement and retention.'),
(5, 5, 'Logistics Tracking System', 'Implement real-time tracking for shipments.', 'Accurate location updates.'),
(6, 6, 'Mobile App Redesign', 'Redesign the mobile app for better UX.', 'User adoption.'),
(7, 7, 'Fraud Detection Module', 'Build a module for detecting fraudulent transactions.', 'Minimizing false positives.'),
(8, 8, 'Telemedicine Platform', 'Develop a telemedicine solution.', 'Video quality and reliability.'),
(9, 9, 'Student Analytics Dashboard', 'Dashboard for student performance analytics.', 'Data visualization.'),
(10, 10, 'Warehouse Automation', 'Automate warehouse operations.', 'Integration with legacy systems.'),
(11, 11, 'Personalized Shopping', 'Personalize shopping experience using AI.', 'Recommendation accuracy.'),
(12, 12, 'Regulatory Compliance Tool', 'Tool for managing financial compliance.', 'Keeping up with regulations.'),
(13, 13, 'Remote Patient Monitoring', 'Monitor patients remotely via IoT.', 'Device interoperability.'),
(14, 14, 'Gamified Learning', 'Add gamification to learning modules.', 'Balancing fun and learning.'),
(15, 15, 'Fleet Management', 'Manage and optimize vehicle fleets.', 'Route optimization.'),
(16, 16, 'Chatbot for Support', 'Deploy a chatbot for customer support.', 'Natural language understanding.'),
(17, 17, 'Risk Assessment Engine', 'Engine for financial risk assessment.', 'Data accuracy.'),
(18, 18, 'Electronic Health Records', 'Digitize health records.', 'Data migration.'),
(19, 19, 'Adaptive Learning System', 'System that adapts to student needs.', 'Personalization.'),
(20, 20, 'Cargo Tracking', 'Track cargo in real-time.', 'Global coverage.');

-- 6. Projects
INSERT INTO projects (id, project_name, category, estimated_duration_weeks, required_experience_years, client_id, client_requirement_id) VALUES
(1, 'Acme Web Revamp', 'LowCode', 12, 2.0, 1, 1),
(2, 'Beta Payment API', 'CustomDev', 16, 3.0, 2, 2),
(3, 'Gamma Health Analytics', 'DevOps', 20, 4.0, 3, 3),
(4, 'Delta Learning Portal', 'MobileApp', 10, 1.5, 4, 4),
(5, 'Epsilon Logistics', 'LowCode', 14, 2.5, 5, 5),
(6, 'Zeta App Redesign', 'MobileApp', 8, 1.0, 6, 6),
(7, 'Eta Fraud Detection', 'CustomDev', 18, 3.5, 7, 7),
(8, 'Theta Telemedicine', 'DevOps', 22, 4.5, 8, 8),
(9, 'Iota Student Dashboard', 'LowCode', 11, 2.2, 9, 9),
(10, 'Kappa Warehouse', 'DevOps', 15, 3.0, 10, 10),
(11, 'Lambda Shopping AI', 'CustomDev', 13, 2.8, 11, 11),
(12, 'Mu Compliance Tool', 'LowCode', 9, 1.7, 12, 12),
(13, 'Nu Patient Monitoring', 'MobileApp', 17, 3.8, 13, 13),
(14, 'Xi Gamified Learning', 'CustomDev', 12, 2.1, 14, 14),
(15, 'Omicron Fleet', 'DevOps', 16, 3.2, 15, 15),
(16, 'Pi Chatbot', 'LowCode', 7, 1.3, 16, 16),
(17, 'Rho Risk Engine', 'CustomDev', 19, 4.2, 17, 17),
(18, 'Sigma EHR', 'DevOps', 21, 4.7, 18, 18),
(19, 'Tau Adaptive Learning', 'MobileApp', 10, 1.6, 19, 19),
(20, 'Upsilon Cargo', 'LowCode', 13, 2.6, 20, 20),
(21, 'Acme Mobile App', 'MobileApp', 8, 1.2, 1, 1),
(22, 'Beta Web Portal', 'LowCode', 14, 2.4, 2, 2),
(23, 'Gamma IoT Integration', 'CustomDev', 16, 3.1, 3, 3),
(24, 'Delta AR Module', 'DevOps', 18, 3.9, 4, 4),
(25, 'Epsilon Data Lake', 'CustomDev', 20, 4.3, 5, 5),
(26, 'Zeta CRM', 'LowCode', 9, 1.5, 6, 6),
(27, 'Eta Mobile Wallet', 'MobileApp', 11, 2.3, 7, 7),
(28, 'Theta Health App', 'DevOps', 15, 3.4, 8, 8),
(29, 'Iota AI Tutor', 'CustomDev', 13, 2.7, 9, 9),
(30, 'Kappa Robotics', 'DevOps', 17, 3.6, 10, 10);

-- 7. Employee Skills
INSERT INTO employee_skills (employee_id, skill_id, experience_years, confidence_rating) VALUES
(1, 1, 3.5, 4.2), (1, 2, 2.0, 3.8),
(2, 3, 4.0, 4.5), (2, 4, 2.5, 4.0),
(3, 5, 3.2, 4.1), (3, 6, 2.8, 3.9),
(4, 7, 4.5, 4.7), (4, 8, 3.0, 4.2),
(5, 9, 2.7, 3.6), (5, 10, 3.9, 4.3),
(6, 1, 2.1, 3.7), (6, 3, 3.8, 4.4),
(7, 2, 4.2, 4.6), (7, 4, 2.9, 4.1),
(8, 5, 3.3, 4.0), (8, 6, 2.6, 3.8),
(9, 7, 4.1, 4.5), (9, 8, 3.2, 4.3),
(10, 9, 2.8, 3.9), (10, 10, 3.7, 4.2),
(11, 1, 3.0, 4.0), (11, 2, 2.2, 3.6),
(12, 3, 4.3, 4.7), (12, 4, 2.7, 4.1),
(13, 5, 3.1, 4.2), (13, 6, 2.9, 3.8),
(14, 7, 4.4, 4.8), (14, 8, 3.1, 4.4),
(15, 9, 2.6, 3.7), (15, 10, 3.8, 4.3),
(16, 1, 2.3, 3.8), (16, 3, 3.7, 4.5),
(17, 2, 4.1, 4.7), (17, 4, 2.8, 4.0),
(18, 5, 3.4, 4.1), (18, 6, 2.7, 3.9),
(19, 7, 4.2, 4.6), (19, 8, 3.3, 4.2),
(20, 9, 2.9, 3.8), (20, 10, 3.6, 4.4);

-- 8. Project Tech Stack
INSERT INTO project_techstack (project_id, skill_id, min_experience_required) VALUES
(1, 1, 2.0), (1, 5, 1.5),
(2, 2, 2.5), (2, 6, 1.8),
(3, 3, 3.0), (3, 7, 2.2),
(4, 4, 1.7), (4, 8, 2.0),
(5, 5, 2.3), (5, 9, 1.9),
(6, 6, 1.6), (6, 10, 2.1),
(7, 7, 2.8), (7, 1, 1.4),
(8, 8, 2.2), (8, 2, 1.7),
(9, 9, 2.5), (9, 3, 1.8),
(10, 10, 2.0), (10, 4, 1.6),
(11, 1, 2.3), (11, 5, 1.7),
(12, 2, 2.6), (12, 6, 1.9),
(13, 3, 3.1), (13, 7, 2.4),
(14, 4, 1.8), (14, 8, 2.2),
(15, 5, 2.5), (15, 9, 2.0),
(16, 6, 1.7), (16, 10, 2.2),
(17, 7, 2.9), (17, 1, 1.6),
(18, 8, 2.3), (18, 2, 1.8),
(19, 9, 2.6), (19, 3, 1.9),
(20, 10, 2.1), (20, 4, 1.7);